Date,Event,RedFighter,BlueFighter,Winner,WeightClass,Finish,FinishRound,RedAge,BlueAge,RedHeightCms,BlueHeightCms,RedReachCms,BlueReachCms,RedOdds,BlueOdds
2014-01-01,UFC 100,Fighter 19,Fighter 13,Blue,Middleweight,KO/TKO,2,18.0,26.0,169,184,192,176,-150,130
2014-01-12,UFC 101,Fighter 13,Fighter 20,Blue,Welterweight,KO/TKO,2,26.0,17.0,184,194,176,170,-150,130
2014-01-23,UFC 102,Fighter 04,Fighter 03,Red,Welterweight,KO/TKO,2,21.1,21.1,186,173,185,191,-150,130
2014-02-03,UFC 103,Fighter 17,Fighter 09,Red,Lightweight,KO/TKO,2,20.1,25.1,180,167,178,170,-150,130
2014-02-14,UFC 104,Fighter 02,Fighter 23,Blue,Middleweight,KO/TKO,2,22.1,16.1,184,193,174,172,-150,130
2014-02-25,UFC 105,Fighter 26,Fighter 23,Blue,Lightweight,KO/TKO,2,27.2,16.2,172,193,182,172,-150,130
2014-03-08,UFC 106,Fighter 02,Fighter 17,Blue,Middleweight,KO/TKO,2,22.2,20.2,184,180,174,178,-150,130
2014-03-19,UFC 107,Fighter 08,Fighter 14,Red,Welterweight,KO/TKO,2,18.2,23.2,166,187,182,186,-150,130
2014-03-30,UFC 108,Fighter 06,Fighter 15,Red,Lightweight,KO/TKO,2,21.2,29.2,177,174,181,194,-150,130
2014-04-10,UFC 109,Fighter 07,Fighter 09,Red,Middleweight,KO/TKO,2,20.3,25.3,194,167,186,170,-150,130
2014-04-21,UFC 110,Fighter 00,Fighter 21,Blue,Lightweight,KO/TKO,2,24.3,26.3,172,183,184,176,-150,130
2014-05-02,UFC 111,Fighter 03,Fighter 26,Red,Welterweight,KO/TKO,2,21.3,27.3,173,172,191,182,-150,130
2014-05-13,UFC 112,Fighter 21,Fighter 12,Red,Middleweight,KO/TKO,2,26.4,16.4,183,176,176,196,-150,130
2014-05-24,UFC 113,Fighter 18,Fighter 28,Blue,Middleweight,KO/TKO,2,16.4,19.4,188,183,197,181,-150,130
2014-06-04,UFC 114,Fighter 09,Fighter 03,Blue,Lightweight,KO/TKO,2,25.4,21.4,167,173,170,191,-150,130
2014-06-15,UFC 115,Fighter 27,Fighter 06,Blue,Middleweight,KO/TKO,2,20.5,21.5,180,177,190,181,-150,130
2014-06-26,UFC 116,Fighter 24,Fighter 17,Blue,Welterweight,KO/TKO,2,17.5,20.5,193,180,185,178,-150,130
2014-07-07,UFC 117,Fighter 06,Fighter 04,Red,Middleweight,KO/TKO,2,21.5,21.5,177,186,181,185,-150,130
2014-07-18,UFC 118,Fighter 14,Fighter 22,Red,Welterweight,KO/TKO,2,23.5,25.5,187,176,186,180,-150,130
2014-07-29,UFC 119,Fighter 15,Fighter 23,Red,Lightweight,KO/TKO,2,29.6,16.6,174,193,194,172,-150,130
2014-08-09,UFC 120,Fighter 29,Fighter 12,Red,Lightweight,KO/TKO,2,18.6,16.6,171,176,194,196,-150,130
2014-08-20,UFC 121,Fighter 26,Fighter 21,Blue,Middleweight,KO/TKO,2,27.6,26.6,172,183,182,176,-150,130
2014-08-31,UFC 122,Fighter 16,Fighter 29,Blue,Middleweight,KO/TKO,2,28.7,18.7,186,171,182,194,-150,130
2014-09-11,UFC 123,Fighter 02,Fighter 10,Blue,Middleweight,KO/TKO,2,22.7,23.7,184,190,174,195,-150,130
2014-09-22,UFC 124,Fighter 01,Fighter 14,Blue,Welterweight,KO/TKO,2,27.7,23.7,172,187,196,186,-150,130
2014-10-03,UFC 125,Fighter 04,Fighter 12,Blue,Lightweight,KO/TKO,2,21.8,16.8,186,176,185,196,-150,130
2014-10-14,UFC 126,Fighter 10,Fighter 14,Blue,Welterweight,KO/TKO,2,23.8,23.8,190,187,195,186,-150,130
2014-10-25,UFC 127,Fighter 24,Fighter 18,Red,Lightweight,KO/TKO,2,17.8,16.8,193,188,185,197,-150,130
2014-11-05,UFC 128,Fighter 18,Fighter 13,Blue,Welterweight,KO/TKO,2,16.8,26.8,188,184,197,176,-150,130
2014-11-16,UFC 129,Fighter 23,Fighter 01,Red,Lightweight,KO/TKO,2,16.9,27.9,193,172,172,196,-150,130
2014-11-27,UFC 130,Fighter 15,Fighter 11,Blue,Lightweight,KO/TKO,2,29.9,27.9,174,193,194,186,-150,130
2014-12-08,UFC 131,Fighter 00,Fighter 20,Blue,Middleweight,KO/TKO,2,24.9,17.9,172,194,184,170,-150,130
2014-12-19,UFC 132,Fighter 21,Fighter 08,Red,Lightweight,KO/TKO,2,27.0,19.0,183,166,176,182,-150,130
2014-12-30,UFC 133,Fighter 23,Fighter 17,Red,Middleweight,KO/TKO,2,17.0,21.0,193,180,172,178,-150,130
2015-01-10,UFC 134,Fighter 14,Fighter 08,Blue,Welterweight,KO/TKO,2,24.0,19.0,187,166,186,182,-150,130
2015-01-21,UFC 135,Fighter 12,Fighter 26,Red,Welterweight,KO/TKO,2,17.1,28.1,176,172,196,182,-150,130
2015-02-01,UFC 136,Fighter 06,Fighter 11,Red,Welterweight,KO/TKO,2,22.1,28.1,177,193,181,186,-150,130
2015-02-12,UFC 137,Fighter 07,Fighter 17,Red,Lightweight,KO/TKO,2,21.1,21.1,194,180,186,178,-150,130
2015-02-23,UFC 138,Fighter 16,Fighter 04,Blue,Lightweight,KO/TKO,2,29.1,22.1,186,186,182,185,-150,130
2015-03-06,UFC 139,Fighter 11,Fighter 18,Blue,Lightweight,KO/TKO,2,28.2,17.2,193,188,186,197,-150,130
2015-03-17,UFC 140,Fighter 25,Fighter 10,Blue,Middleweight,KO/TKO,2,18.2,24.2,191,190,198,195,-150,130
2015-03-28,UFC 141,Fighter 14,Fighter 03,Red,Lightweight,KO/TKO,2,24.2,22.2,187,173,186,191,-150,130
2015-04-08,UFC 142,Fighter 12,Fighter 06,Red,Lightweight,KO/TKO,2,17.3,22.3,176,177,196,181,-150,130
2015-04-19,UFC 143,Fighter 24,Fighter 25,Red,Middleweight,KO/TKO,2,18.3,18.3,193,191,185,198,-150,130
2015-04-30,UFC 144,Fighter 14,Fighter 17,Red,Welterweight,KO/TKO,2,24.3,21.3,187,180,186,178,-150,130
2015-05-11,UFC 145,Fighter 21,Fighter 14,Red,Middleweight,KO/TKO,2,27.4,24.4,183,187,176,186,-150,130
2015-05-22,UFC 146,Fighter 10,Fighter 24,Red,Welterweight,KO/TKO,2,24.4,18.4,190,193,195,185,-150,130
2015-06-02,UFC 147,Fighter 08,Fighter 14,Red,Welterweight,KO/TKO,2,19.4,24.4,166,187,182,186,-150,130
2015-06-13,UFC 148,Fighter 06,Fighter 22,Red,Welterweight,KO/TKO,2,22.4,26.4,177,176,181,180,-150,130
2015-06-24,UFC 149,Fighter 17,Fighter 21,Red,Lightweight,KO/TKO,2,21.5,27.5,180,183,178,176,-150,130
2015-07-05,UFC 150,Fighter 09,Fighter 25,Red,Middleweight,KO/TKO,2,26.5,18.5,167,191,170,198,-150,130
2015-07-16,UFC 151,Fighter 00,Fighter 20,Red,Lightweight,KO/TKO,2,25.5,18.5,172,194,184,170,-150,130
2015-07-27,UFC 152,Fighter 23,Fighter 24,Red,Welterweight,KO/TKO,2,17.6,18.6,193,193,172,185,-150,130
2015-08-07,UFC 153,Fighter 24,Fighter 05,Red,Welterweight,KO/TKO,2,18.6,25.6,193,191,185,189,-150,130
2015-08-18,UFC 154,Fighter 15,Fighter 19,Red,Middleweight,KO/TKO,2,30.6,19.6,174,169,194,192,-150,130
2015-08-29,UFC 155,Fighter 29,Fighter 27,Red,Middleweight,KO/TKO,2,19.7,21.7,171,180,194,190,-150,130
2015-09-09,UFC 156,Fighter 28,Fighter 08,Red,Welterweight,KO/TKO,2,20.7,19.7,183,166,181,182,-150,130
2015-09-20,UFC 157,Fighter 17,Fighter 26,Red,Welterweight,KO/TKO,2,21.7,28.7,180,172,178,182,-150,130
2015-10-01,UFC 158,Fighter 12,Fighter 06,Blue,Lightweight,KO/TKO,2,17.8,22.8,176,177,196,181,-150,130
2015-10-12,UFC 159,Fighter 08,Fighter 18,Red,Lightweight,KO/TKO,2,19.8,17.8,166,188,182,197,-150,130
2015-10-23,UFC 160,Fighter 11,Fighter 09,Red,Middleweight,KO/TKO,2,28.8,26.8,193,167,186,170,-150,130
2015-11-03,UFC 161,Fighter 09,Fighter 14,Red,Welterweight,KO/TKO,2,26.8,24.8,167,187,170,186,-150,130
2015-11-14,UFC 162,Fighter 13,Fighter 11,Red,Middleweight,KO/TKO,2,27.9,28.9,184,193,176,186,-150,130
2015-11-25,UFC 163,Fighter 16,Fighter 29,Blue,Welterweight,KO/TKO,2,29.9,19.9,186,171,182,194,-150,130
2015-12-06,UFC 164,Fighter 18,Fighter 12,Blue,Lightweight,KO/TKO,2,17.9,17.9,188,176,197,196,-150,130
2015-12-17,UFC 165,Fighter 24,Fighter 01,Blue,Lightweight,KO/TKO,2,19.0,29.0,193,172,185,196,-150,130
2015-12-28,UFC 166,Fighter 15,Fighter 22,Red,Middleweight,KO/TKO,2,31.0,27.0,174,176,194,180,-150,130
2016-01-08,UFC 167,Fighter 13,Fighter 21,Blue,Lightweight,KO/TKO,2,28.0,28.0,184,183,176,176,-150,130
2016-01-19,UFC 168,Fighter 11,Fighter 15,Blue,Middleweight,KO/TKO,2,29.1,31.1,193,174,186,194,-150,130
2016-01-30,UFC 169,Fighter 15,Fighter 08,Red,Welterweight,KO/TKO,2,31.1,20.1,174,166,194,182,-150,130
2016-02-10,UFC 170,Fighter 02,Fighter 18,Red,Lightweight,KO/TKO,2,24.1,18.1,184,188,174,197,-150,130
2016-02-21,UFC 171,Fighter 25,Fighter 22,Red,Middleweight,KO/TKO,2,19.1,27.1,191,176,198,180,-150,130
2016-03-03,UFC 172,Fighter 27,Fighter 16,Blue,Lightweight,KO/TKO,2,22.2,30.2,180,186,190,182,-150,130
2016-03-14,UFC 173,Fighter 02,Fighter 26,Red,Lightweight,KO/TKO,2,24.2,29.2,184,172,174,182,-150,130
2016-03-25,UFC 174,Fighter 29,Fighter 23,Blue,Middleweight,KO/TKO,2,20.2,18.2,171,193,194,172,-150,130
2016-04-05,UFC 175,Fighter 27,Fighter 21,Red,Lightweight,KO/TKO,2,22.3,28.3,180,183,190,176,-150,130
2016-04-16,UFC 176,Fighter 18,Fighter 01,Blue,Welterweight,KO/TKO,2,18.3,29.3,188,172,197,196,-150,130
2016-04-27,UFC 177,Fighter 03,Fighter 11,Blue,Welterweight,KO/TKO,2,23.3,29.3,173,193,191,186,-150,130
2016-05-08,UFC 178,Fighter 09,Fighter 07,Blue,Welterweight,KO/TKO,2,27.4,22.4,167,194,170,186,-150,130
2016-05-19,UFC 179,Fighter 22,Fighter 08,Blue,Welterweight,KO/TKO,2,27.4,20.4,176,166,180,182,-150,130
2016-05-30,UFC 180,Fighter 23,Fighter 26,Red,Lightweight,KO/TKO,2,18.4,29.4,193,172,172,182,-150,130
2016-06-10,UFC 181,Fighter 11,Fighter 09,Red,Welterweight,KO/TKO,2,29.4,27.4,193,167,186,170,-150,130
2016-06-21,UFC 182,Fighter 09,Fighter 15,Blue,Lightweight,KO/TKO,2,27.5,31.5,167,174,170,194,-150,130
2016-07-02,UFC 183,Fighter 08,Fighter 19,Red,Middleweight,KO/TKO,2,20.5,20.5,166,169,182,192,-150,130
2016-07-13,UFC 184,Fighter 08,Fighter 28,Blue,Welterweight,KO/TKO,2,20.5,21.5,166,183,182,181,-150,130
2016-07-24,UFC 185,Fighter 10,Fighter 00,Red,Middleweight,KO/TKO,2,25.6,26.6,190,172,195,184,-150,130
2016-08-04,UFC 186,Fighter 20,Fighter 05,Blue,Lightweight,KO/TKO,2,19.6,26.6,194,191,170,189,-150,130
2016-08-15,UFC 187,Fighter 06,Fighter 05,Blue,Middleweight,KO/TKO,2,23.6,26.6,177,191,181,189,-150,130
2016-08-26,UFC 188,Fighter 04,Fighter 09,Red,Middleweight,KO/TKO,2,23.7,27.7,186,167,185,170,-150,130
2016-09-06,UFC 189,Fighter 10,Fighter 21,Red,Middleweight,KO/TKO,2,25.7,28.7,190,183,195,176,-150,130
2016-09-17,UFC 190,Fighter 04,Fighter 11,Blue,Welterweight,KO/TKO,2,23.7,29.7,186,193,185,186,-150,130
2016-09-28,UFC 191,Fighter 18,Fighter 27,Red,Lightweight,KO/TKO,2,18.7,22.7,188,180,197,190,-150,130
2016-10-09,UFC 192,Fighter 19,Fighter 14,Blue,Lightweight,KO/TKO,2,20.8,25.8,169,187,192,186,-150,130
2016-10-20,UFC 193,Fighter 19,Fighter 01,Blue,Welterweight,KO/TKO,2,20.8,29.8,169,172,192,196,-150,130
2016-10-31,UFC 194,Fighter 03,Fighter 24,Blue,Middleweight,KO/TKO,2,23.8,19.8,173,193,191,185,-150,130
2016-11-11,UFC 195,Fighter 08,Fighter 29,Blue,Welterweight,KO/TKO,2,20.9,20.9,166,171,182,194,-150,130
2016-11-22,UFC 196,Fighter 12,Fighter 25,Blue,Welterweight,KO/TKO,2,18.9,19.9,176,191,196,198,-150,130
2016-12-03,UFC 197,Fighter 15,Fighter 13,Red,Middleweight,KO/TKO,2,31.9,28.9,174,184,194,176,-150,130
2016-12-14,UFC 198,Fighter 04,Fighter 26,Red,Lightweight,KO/TKO,2,24.0,30.0,186,172,185,182,-150,130
2016-12-25,UFC 199,Fighter 18,Fighter 24,Blue,Middleweight,KO/TKO,2,19.0,20.0,188,193,197,185,-150,130
2017-01-05,UFC 200,Fighter 09,Fighter 11,Blue,Lightweight,KO/TKO,2,28.0,30.0,167,193,170,186,-150,130
2017-01-16,UFC 201,Fighter 18,Fighter 00,Blue,Lightweight,KO/TKO,2,19.0,27.0,188,172,197,184,-150,130
2017-01-27,UFC 202,Fighter 04,Fighter 23,Blue,Lightweight,KO/TKO,2,24.1,19.1,186,193,185,172,-150,130
2017-02-07,UFC 203,Fighter 11,Fighter 20,Red,Welterweight,KO/TKO,2,30.1,20.1,193,194,186,170,-150,130
2017-02-18,UFC 204,Fighter 01,Fighter 16,Red,Middleweight,KO/TKO,2,30.1,31.1,172,186,196,182,-150,130
2017-03-01,UFC 205,Fighter 15,Fighter 19,Red,Lightweight,KO/TKO,2,32.2,21.2,174,169,194,192,-150,130
2017-03-12,UFC 206,Fighter 10,Fighter 19,Blue,Lightweight,KO/TKO,2,26.2,21.2,190,169,195,192,-150,130
2017-03-23,UFC 207,Fighter 27,Fighter 02,Blue,Welterweight,KO/TKO,2,23.2,25.2,180,184,190,174,-150,130
2017-04-03,UFC 208,Fighter 05,Fighter 04,Red,Middleweight,KO/TKO,2,27.3,24.3,191,186,189,185,-150,130
2017-04-14,UFC 209,Fighter 20,Fighter 07,Blue,Welterweight,KO/TKO,2,20.3,23.3,194,194,170,186,-150,130
2017-04-25,UFC 210,Fighter 17,Fighter 15,Blue,Middleweight,KO/TKO,2,23.3,32.3,180,174,178,194,-150,130
2017-05-06,UFC 211,Fighter 10,Fighter 20,Red,Lightweight,KO/TKO,2,26.3,20.3,190,194,195,170,-150,130
2017-05-17,UFC 212,Fighter 13,Fighter 21,Blue,Lightweight,KO/TKO,2,29.4,29.4,184,183,176,176,-150,130
2017-05-28,UFC 213,Fighter 00,Fighter 27,Red,Welterweight,KO/TKO,2,27.4,23.4,172,180,184,190,-150,130
2017-06-08,UFC 214,Fighter 10,Fighter 03,Red,Lightweight,KO/TKO,2,26.4,24.4,190,173,195,191,-150,130
2017-06-19,UFC 215,Fighter 09,Fighter 13,Blue,Lightweight,KO/TKO,2,28.5,29.5,167,184,170,176,-150,130
2017-06-30,UFC 216,Fighter 09,Fighter 10,Blue,Lightweight,KO/TKO,2,28.5,26.5,167,190,170,195,-150,130
2017-07-11,UFC 217,Fighter 11,Fighter 16,Red,Lightweight,KO/TKO,2,30.5,31.5,193,186,186,182,-150,130
2017-07-22,UFC 218,Fighter 03,Fighter 13,Red,Lightweight,KO/TKO,2,24.6,29.6,173,184,191,176,-150,130
2017-08-02,UFC 219,Fighter 23,Fighter 07,Red,Middleweight,KO/TKO,2,19.6,23.6,193,194,172,186,-150,130
2017-08-13,UFC 220,Fighter 08,Fighter 03,Blue,Lightweight,KO/TKO,2,21.6,24.6,166,173,182,191,-150,130
2017-08-24,UFC 221,Fighter 20,Fighter 10,Blue,Welterweight,KO/TKO,2,20.6,26.6,194,190,170,195,-150,130
2017-09-04,UFC 222,Fighter 22,Fighter 09,Blue,Welterweight,KO/TKO,2,28.7,28.7,176,167,180,170,-150,130
2017-09-15,UFC 223,Fighter 26,Fighter 29,Red,Middleweight,KO/TKO,2,30.7,21.7,172,171,182,194,-150,130
2017-09-26,UFC 224,Fighter 07,Fighter 01,Red,Lightweight,KO/TKO,2,23.7,30.7,194,172,186,196,-150,130
2017-10-07,UFC 225,Fighter 05,Fighter 18,Red,Middleweight,KO/TKO,2,27.8,19.8,191,188,189,197,-150,130
2017-10-18,UFC 226,Fighter 24,Fighter 26,Red,Welterweight,KO/TKO,2,20.8,30.8,193,172,185,182,-150,130
2017-10-29,UFC 227,Fighter 12,Fighter 11,Blue,Middleweight,KO/TKO,2,19.8,30.8,176,193,196,186,-150,130
2017-11-09,UFC 228,Fighter 22,Fighter 00,Red,Lightweight,KO/TKO,2,28.9,27.9,176,172,180,184,-150,130
2017-11-20,UFC 229,Fighter 16,Fighter 07,Blue,Middleweight,KO/TKO,2,31.9,23.9,186,194,182,186,-150,130
2017-12-01,UFC 230,Fighter 01,Fighter 17,Red,Lightweight,KO/TKO,2,30.9,23.9,172,180,196,178,-150,130
2017-12-12,UFC 231,Fighter 19,Fighter 26,Red,Middleweight,KO/TKO,2,21.9,30.9,169,172,192,182,-150,130
2017-12-23,UFC 232,Fighter 08,Fighter 29,Blue,Lightweight,KO/TKO,2,22.0,22.0,166,171,182,194,-150,130
2018-01-03,UFC 233,Fighter 06,Fighter 20,Red,Welterweight,KO/TKO,2,25.0,21.0,177,194,181,170,-150,130
2018-01-14,UFC 234,Fighter 05,Fighter 20,Red,Welterweight,KO/TKO,2,28.0,21.0,191,194,189,170,-150,130
2018-01-25,UFC 235,Fighter 12,Fighter 06,Red,Middleweight,KO/TKO,2,20.1,25.1,176,177,196,181,-150,130
2018-02-05,UFC 236,Fighter 11,Fighter 22,Red,Welterweight,KO/TKO,2,31.1,29.1,193,176,186,180,-150,130
2018-02-16,UFC 237,Fighter 15,Fighter 10,Red,Middleweight,KO/TKO,2,33.1,27.1,174,190,194,195,-150,130
2018-02-27,UFC 238,Fighter 13,Fighter 27,Blue,Lightweight,KO/TKO,2,30.2,24.2,184,180,176,190,-150,130
2018-03-10,UFC 239,Fighter 18,Fighter 05,Blue,Welterweight,KO/TKO,2,20.2,28.2,188,191,197,189,-150,130
2018-03-21,UFC 240,Fighter 16,Fighter 21,Red,Lightweight,KO/TKO,2,32.2,30.2,186,183,182,176,-150,130
2018-04-01,UFC 241,Fighter 29,Fighter 28,Red,Welterweight,KO/TKO,2,22.2,23.2,171,183,194,181,-150,130
2018-04-12,UFC 242,Fighter 16,Fighter 17,Blue,Lightweight,KO/TKO,2,32.3,24.3,186,180,182,178,-150,130
2018-04-23,UFC 243,Fighter 04,Fighter 25,Blue,Lightweight,KO/TKO,2,25.3,21.3,186,191,185,198,-150,130
2018-05-04,UFC 244,Fighter 09,Fighter 05,Blue,Lightweight,KO/TKO,2,29.3,28.3,167,191,170,189,-150,130
2018-05-15,UFC 245,Fighter 12,Fighter 25,Red,Lightweight,KO/TKO,2,20.4,21.4,176,191,196,198,-150,130
2018-05-26,UFC 246,Fighter 25,Fighter 18,Red,Welterweight,KO/TKO,2,21.4,20.4,191,188,198,197,-150,130
2018-06-06,UFC 247,Fighter 13,Fighter 07,Blue,Lightweight,KO/TKO,2,30.4,24.4,184,194,176,186,-150,130
2018-06-17,UFC 248,Fighter 02,Fighter 20,Red,Middleweight,KO/TKO,2,26.5,21.5,184,194,174,170,-150,130
2018-06-28,UFC 249,Fighter 17,Fighter 13,Red,Lightweight,KO/TKO,2,24.5,30.5,180,184,178,176,-150,130
2018-07-09,UFC 250,Fighter 19,Fighter 16,Red,Middleweight,KO/TKO,2,22.5,32.5,169,186,192,182,-150,130
2018-07-20,UFC 251,Fighter 09,Fighter 03,Red,Lightweight,KO/TKO,2,29.6,25.6,167,173,170,191,-150,130
2018-07-31,UFC 252,Fighter 16,Fighter 19,Blue,Welterweight,KO/TKO,2,32.6,22.6,186,169,182,192,-150,130
2018-08-11,UFC 253,Fighter 22,Fighter 01,Blue,Lightweight,KO/TKO,2,29.6,31.6,176,172,180,196,-150,130
2018-08-22,UFC 254,Fighter 15,Fighter 23,Blue,Lightweight,KO/TKO,2,33.6,20.6,174,193,194,172,-150,130
2018-09-02,UFC 255,Fighter 10,Fighter 29,Blue,Welterweight,KO/TKO,2,27.7,22.7,190,171,195,194,-150,130
2018-09-13,UFC 256,Fighter 25,Fighter 22,Blue,Lightweight,KO/TKO,2,21.7,29.7,191,176,198,180,-150,130
2018-09-24,UFC 257,Fighter 04,Fighter 11,Blue,Middleweight,KO/TKO,2,25.7,31.7,186,193,185,186,-150,130
2018-10-05,UFC 258,Fighter 02,Fighter 07,Blue,Lightweight,KO/TKO,2,26.8,24.8,184,194,174,186,-150,130
2018-10-16,UFC 259,Fighter 02,Fighter 22,Red,Middleweight,KO/TKO,2,26.8,29.8,184,176,174,180,-150,130
2018-10-27,UFC 260,Fighter 29,Fighter 26,Red,Welterweight,KO/TKO,2,22.8,31.8,171,172,194,182,-150,130
2018-11-07,UFC 261,Fighter 09,Fighter 15,Blue,Lightweight,KO/TKO,2,29.9,33.9,167,174,170,194,-150,130
2018-11-18,UFC 262,Fighter 21,Fighter 15,Blue,Middleweight,KO/TKO,2,30.9,33.9,183,174,176,194,-150,130
2018-11-29,UFC 263,Fighter 10,Fighter 02,Red,Welterweight,KO/TKO,2,27.9,26.9,190,184,195,174,-150,130
2018-12-10,UFC 264,Fighter 07,Fighter 09,Red,Middleweight,KO/TKO,2,24.9,29.9,194,167,186,170,-150,130
2018-12-21,UFC 265,Fighter 14,Fighter 06,Blue,Middleweight,KO/TKO,2,28.0,26.0,187,177,186,181,-150,130
2019-01-01,UFC 266,Fighter 25,Fighter 06,Red,Lightweight,KO/TKO,2,22.0,26.0,191,177,198,181,-150,130
2019-01-12,UFC 267,Fighter 07,Fighter 02,Red,Welterweight,KO/TKO,2,25.0,27.0,194,184,186,174,-150,130
2019-01-23,UFC 268,Fighter 18,Fighter 10,Blue,Welterweight,KO/TKO,2,21.1,28.1,188,190,197,195,-150,130
2019-02-03,UFC 269,Fighter 02,Fighter 13,Red,Welterweight,KO/TKO,2,27.1,31.1,184,184,174,176,-150,130
2019-02-14,UFC 270,Fighter 24,Fighter 22,Red,Welterweight,KO/TKO,2,22.1,30.1,193,176,185,180,-150,130
2019-02-25,UFC 271,Fighter 16,Fighter 11,Blue,Welterweight,KO/TKO,2,33.2,32.2,186,193,182,186,-150,130
2019-03-08,UFC 272,Fighter 00,Fighter 17,Blue,Welterweight,KO/TKO,2,29.2,25.2,172,180,184,178,-150,130
2019-03-19,UFC 273,Fighter 17,Fighter 09,Red,Middleweight,KO/TKO,2,25.2,30.2,180,167,178,170,-150,130
2019-03-30,UFC 274,Fighter 01,Fighter 23,Red,Middleweight,KO/TKO,2,32.2,21.2,172,193,196,172,-150,130
2019-04-10,UFC 275,Fighter 03,Fighter 16,Blue,Middleweight,KO/TKO,2,26.3,33.3,173,186,191,182,-150,130
2019-04-21,UFC 276,Fighter 17,Fighter 15,Red,Middleweight,KO/TKO,2,25.3,34.3,180,174,178,194,-150,130
2019-05-02,UFC 277,Fighter 03,Fighter 04,Red,Lightweight,KO/TKO,2,26.3,26.3,173,186,191,185,-150,130
2019-05-13,UFC 278,Fighter 02,Fighter 19,Blue,Welterweight,KO/TKO,2,27.4,23.4,184,169,174,192,-150,130
2019-05-24,UFC 279,Fighter 20,Fighter 18,Blue,Middleweight,KO/TKO,2,22.4,21.4,194,188,170,197,-150,130
2019-06-04,UFC 280,Fighter 24,Fighter 07,Red,Welterweight,KO/TKO,2,22.4,25.4,193,194,185,186,-150,130
2019-06-15,UFC 281,Fighter 01,Fighter 10,Red,Lightweight,KO/TKO,2,32.5,28.5,172,190,196,195,-150,130
2019-06-26,UFC 282,Fighter 26,Fighter 14,Blue,Middleweight,KO/TKO,2,32.5,28.5,172,187,182,186,-150,130
2019-07-07,UFC 283,Fighter 21,Fighter 00,Blue,Lightweight,KO/TKO,2,31.5,29.5,183,172,176,184,-150,130
2019-07-18,UFC 284,Fighter 27,Fighter 04,Blue,Welterweight,KO/TKO,2,25.5,26.5,180,186,190,185,-150,130
2019-07-29,UFC 285,Fighter 03,Fighter 00,Blue,Welterweight,KO/TKO,2,26.6,29.6,173,172,191,184,-150,130
2019-08-09,UFC 286,Fighter 18,Fighter 16,Blue,Lightweight,KO/TKO,2,21.6,33.6,188,186,197,182,-150,130
2019-08-20,UFC 287,Fighter 02,Fighter 12,Blue,Middleweight,KO/TKO,2,27.6,21.6,184,176,174,196,-150,130
2019-08-31,UFC 288,Fighter 12,Fighter 14,Red,Middleweight,KO/TKO,2,21.7,28.7,176,187,196,186,-150,130
2019-09-11,UFC 289,Fighter 14,Fighter 06,Red,Welterweight,KO/TKO,2,28.7,26.7,187,177,186,181,-150,130
2019-09-22,UFC 290,Fighter 00,Fighter 01,Blue,Middleweight,KO/TKO,2,29.7,32.7,172,172,184,196,-150,130
2019-10-03,UFC 291,Fighter 01,Fighter 06,Red,Middleweight,KO/TKO,2,32.8,26.8,172,177,196,181,-150,130
2019-10-14,UFC 292,Fighter 20,Fighter 04,Red,Middleweight,KO/TKO,2,22.8,26.8,194,186,170,185,-150,130
2019-10-25,UFC 293,Fighter 02,Fighter 06,Blue,Welterweight,KO/TKO,2,27.8,26.8,184,177,174,181,-150,130
2019-11-05,UFC 294,Fighter 09,Fighter 12,Red,Middleweight,KO/TKO,2,30.8,21.8,167,176,170,196,-150,130
2019-11-16,UFC 295,Fighter 00,Fighter 08,Blue,Middleweight,KO/TKO,2,29.9,23.9,172,166,184,182,-150,130
2019-11-27,UFC 296,Fighter 01,Fighter 07,Blue,Welterweight,KO/TKO,2,32.9,25.9,172,194,196,186,-150,130
2019-12-08,UFC 297,Fighter 00,Fighter 19,Red,Lightweight,KO/TKO,2,29.9,23.9,172,169,184,192,-150,130
2019-12-19,UFC 298,Fighter 29,Fighter 15,Blue,Welterweight,KO/TKO,2,24.0,35.0,171,174,194,194,-150,130
2019-12-30,UFC 299,Fighter 24,Fighter 27,Red,Lightweight,KO/TKO,2,23.0,26.0,193,180,185,190,-150,130
2020-01-10,UFC 300,Fighter 12,Fighter 17,Red,Welterweight,KO/TKO,2,22.0,26.0,176,180,196,178,-150,130
2020-01-21,UFC 301,Fighter 21,Fighter 12,Red,Middleweight,KO/TKO,2,32.1,22.1,183,176,176,196,-150,130
2020-02-01,UFC 302,Fighter 25,Fighter 28,Red,Lightweight,KO/TKO,2,23.1,25.1,191,183,198,181,-150,130
2020-02-12,UFC 303,Fighter 07,Fighter 18,Red,Middleweight,KO/TKO,2,26.1,22.1,194,188,186,197,-150,130
2020-02-23,UFC 304,Fighter 13,Fighter 02,Blue,Welterweight,KO/TKO,2,32.1,28.1,184,184,176,174,-150,130
2020-03-05,UFC 305,Fighter 12,Fighter 01,Red,Lightweight,KO/TKO,2,22.2,33.2,176,172,196,196,-150,130
2020-03-16,UFC 306,Fighter 04,Fighter 21,Blue,Middleweight,KO/TKO,2,27.2,32.2,186,183,185,176,-150,130
2020-03-27,UFC 307,Fighter 14,Fighter 08,Red,Lightweight,KO/TKO,2,29.2,24.2,187,166,186,182,-150,130
2020-04-07,UFC 308,Fighter 07,Fighter 18,Red,Lightweight,KO/TKO,2,26.3,22.3,194,188,186,197,-150,130
2020-04-18,UFC 309,Fighter 15,Fighter 11,Blue,Lightweight,KO/TKO,2,35.3,33.3,174,193,194,186,-150,130
2020-04-29,UFC 310,Fighter 26,Fighter 04,Blue,Welterweight,KO/TKO,2,33.3,27.3,172,186,182,185,-150,130
2020-05-10,UFC 311,Fighter 23,Fighter 21,Blue,Lightweight,KO/TKO,2,22.4,32.4,193,183,172,176,-150,130
2020-05-21,UFC 312,Fighter 12,Fighter 05,Blue,Welterweight,KO/TKO,2,22.4,30.4,176,191,196,189,-150,130
2020-06-01,UFC 313,Fighter 23,Fighter 16,Red,Welterweight,KO/TKO,2,22.4,34.4,193,186,172,182,-150,130
2020-06-12,UFC 314,Fighter 26,Fighter 19,Red,Welterweight,KO/TKO,2,33.4,24.4,172,169,182,192,-150,130
2020-06-23,UFC 315,Fighter 16,Fighter 27,Blue,Welterweight,KO/TKO,2,34.5,26.5,186,180,182,190,-150,130
2020-07-04,UFC 316,Fighter 14,Fighter 19,Red,Middleweight,KO/TKO,2,29.5,24.5,187,169,186,192,-150,130
2020-07-15,UFC 317,Fighter 18,Fighter 17,Blue,Middleweight,KO/TKO,2,22.5,26.5,188,180,197,178,-150,130
2020-07-26,UFC 318,Fighter 24,Fighter 27,Red,Middleweight,KO/TKO,2,23.6,26.6,193,180,185,190,-150,130
2020-08-06,UFC 319,Fighter 29,Fighter 08,Blue,Welterweight,KO/TKO,2,24.6,24.6,171,166,194,182,-150,130
2020-08-17,UFC 320,Fighter 12,Fighter 24,Red,Welterweight,KO/TKO,2,22.6,23.6,176,193,196,185,-150,130
2020-08-28,UFC 321,Fighter 08,Fighter 11,Blue,Lightweight,KO/TKO,2,24.7,33.7,166,193,182,186,-150,130
2020-09-08,UFC 322,Fighter 09,Fighter 05,Blue,Middleweight,KO/TKO,2,31.7,30.7,167,191,170,189,-150,130
2020-09-19,UFC 323,Fighter 23,Fighter 20,Red,Welterweight,KO/TKO,2,22.7,23.7,193,194,172,170,-150,130
2020-09-30,UFC 324,Fighter 05,Fighter 28,Blue,Lightweight,KO/TKO,2,30.8,25.8,191,183,189,181,-150,130
2020-10-11,UFC 325,Fighter 26,Fighter 21,Blue,Welterweight,KO/TKO,2,33.8,32.8,172,183,182,176,-150,130
2020-10-22,UFC 326,Fighter 02,Fighter 28,Blue,Lightweight,KO/TKO,2,28.8,25.8,184,183,174,181,-150,130
2020-11-02,UFC 327,Fighter 14,Fighter 28,Blue,Lightweight,KO/TKO,2,29.8,25.8,187,183,186,181,-150,130
2020-11-13,UFC 328,Fighter 27,Fighter 14,Blue,Lightweight,KO/TKO,2,26.9,29.9,180,187,190,186,-150,130
2020-11-24,UFC 329,Fighter 18,Fighter 22,Blue,Middleweight,KO/TKO,2,22.9,31.9,188,176,197,180,-150,130
2020-12-05,UFC 330,Fighter 10,Fighter 27,Red,Lightweight,KO/TKO,2,29.9,26.9,190,180,195,190,-150,130
2020-12-16,UFC 331,Fighter 10,Fighter 29,Red,Lightweight,KO/TKO,2,30.0,25.0,190,171,195,194,-150,130
2020-12-27,UFC 332,Fighter 03,Fighter 18,Red,Middleweight,KO/TKO,2,28.0,23.0,173,188,191,197,-150,130
2021-01-07,UFC 333,Fighter 03,Fighter 09,Blue,Middleweight,KO/TKO,2,28.0,32.0,173,167,191,170,-150,130
2021-01-18,UFC 334,Fighter 08,Fighter 28,Blue,Middleweight,KO/TKO,2,25.0,26.0,166,183,182,181,-150,130
2021-01-29,UFC 335,Fighter 15,Fighter 04,Red,Lightweight,KO/TKO,2,36.1,28.1,174,186,194,185,-150,130
2021-02-09,UFC 336,Fighter 07,Fighter 28,Red,Lightweight,KO/TKO,2,27.1,26.1,194,183,186,181,-150,130
2021-02-20,UFC 337,Fighter 09,Fighter 04,Red,Middleweight,KO/TKO,2,32.1,28.1,167,186,170,185,-150,130
2021-03-03,UFC 338,Fighter 29,Fighter 18,Blue,Welterweight,KO/TKO,2,25.2,23.2,171,188,194,197,-150,130
2021-03-14,UFC 339,Fighter 10,Fighter 19,Red,Lightweight,KO/TKO,2,30.2,25.2,190,169,195,192,-150,130
2021-03-25,UFC 340,Fighter 14,Fighter 23,Blue,Lightweight,KO/TKO,2,30.2,23.2,187,193,186,172,-150,130
2021-04-05,UFC 341,Fighter 04,Fighter 14,Blue,Welterweight,KO/TKO,2,28.3,30.3,186,187,185,186,-150,130
2021-04-16,UFC 342,Fighter 18,Fighter 29,Blue,Middleweight,KO/TKO,2,23.3,25.3,188,171,197,194,-150,130
2021-04-27,UFC 343,Fighter 03,Fighter 25,Blue,Lightweight,KO/TKO,2,28.3,24.3,173,191,191,198,-150,130
2021-05-08,UFC 344,Fighter 20,Fighter 00,Blue,Lightweight,KO/TKO,2,24.4,31.4,194,172,170,184,-150,130
2021-05-19,UFC 345,Fighter 17,Fighter 00,Red,Lightweight,KO/TKO,2,27.4,31.4,180,172,178,184,-150,130
2021-05-30,UFC 346,Fighter 21,Fighter 12,Blue,Lightweight,KO/TKO,2,33.4,23.4,183,176,176,196,-150,130
2021-06-10,UFC 347,Fighter 03,Fighter 19,Red,Lightweight,KO/TKO,2,28.4,25.4,173,169,191,192,-150,130
2021-06-21,UFC 348,Fighter 27,Fighter 19,Red,Middleweight,KO/TKO,2,27.5,25.5,180,169,190,192,-150,130
2021-07-02,UFC 349,Fighter 27,Fighter 12,Blue,Lightweight,KO/TKO,2,27.5,23.5,180,176,190,196,-150,130
2021-07-13,UFC 350,Fighter 03,Fighter 22,Blue,Middleweight,KO/TKO,2,28.5,32.5,173,176,191,180,-150,130
2021-07-24,UFC 351,Fighter 13,Fighter 11,Blue,Lightweight,KO/TKO,2,33.6,34.6,184,193,176,186,-150,130
2021-08-04,UFC 352,Fighter 18,Fighter 14,Blue,Middleweight,KO/TKO,2,23.6,30.6,188,187,197,186,-150,130
2021-08-15,UFC 353,Fighter 14,Fighter 29,Blue,Welterweight,KO/TKO,2,30.6,25.6,187,171,186,194,-150,130
2021-08-26,UFC 354,Fighter 14,Fighter 22,Blue,Welterweight,KO/TKO,2,30.7,32.7,187,176,186,180,-150,130
2021-09-06,UFC 355,Fighter 21,Fighter 22,Red,Lightweight,KO/TKO,2,33.7,32.7,183,176,176,180,-150,130
2021-09-17,UFC 356,Fighter 12,Fighter 18,Red,Lightweight,KO/TKO,2,23.7,23.7,176,188,196,197,-150,130
2021-09-28,UFC 357,Fighter 23,Fighter 28,Red,Lightweight,KO/TKO,2,23.7,26.7,193,183,172,181,-150,130
2021-10-09,UFC 358,Fighter 27,Fighter 00,Red,Welterweight,KO/TKO,2,27.8,31.8,180,172,190,184,-150,130
2021-10-20,UFC 359,Fighter 19,Fighter 16,Red,Welterweight,KO/TKO,2,25.8,35.8,169,186,192,182,-150,130
2021-10-31,UFC 360,Fighter 25,Fighter 19,Red,Welterweight,KO/TKO,2,24.8,25.8,191,169,198,192,-150,130
2021-11-11,UFC 361,Fighter 20,Fighter 01,Blue,Welterweight,KO/TKO,2,24.9,34.9,194,172,170,196,-150,130
2021-11-22,UFC 362,Fighter 01,Fighter 23,Blue,Middleweight,KO/TKO,2,34.9,23.9,172,193,196,172,-150,130
2021-12-03,UFC 363,Fighter 18,Fighter 27,Blue,Welterweight,KO/TKO,2,23.9,27.9,188,180,197,190,-150,130
2021-12-14,UFC 364,Fighter 28,Fighter 18,Red,Middleweight,KO/TKO,2,27.0,24.0,183,188,181,197,-150,130
2021-12-25,UFC 365,Fighter 07,Fighter 25,Red,Welterweight,KO/TKO,2,28.0,25.0,194,191,186,198,-150,130
2022-01-05,UFC 366,Fighter 15,Fighter 08,Blue,Welterweight,KO/TKO,2,37.0,26.0,174,166,194,182,-150,130
2022-01-16,UFC 367,Fighter 02,Fighter 23,Red,Lightweight,KO/TKO,2,30.0,24.0,184,193,174,172,-150,130
2022-01-27,UFC 368,Fighter 04,Fighter 24,Red,Middleweight,KO/TKO,2,29.1,25.1,186,193,185,185,-150,130
2022-02-07,UFC 369,Fighter 01,Fighter 10,Blue,Lightweight,KO/TKO,2,35.1,31.1,172,190,196,195,-150,130
2022-02-18,UFC 370,Fighter 23,Fighter 21,Red,Lightweight,KO/TKO,2,24.1,34.1,193,183,172,176,-150,130
2022-03-01,UFC 371,Fighter 24,Fighter 10,Blue,Lightweight,KO/TKO,2,25.2,31.2,193,190,185,195,-150,130
2022-03-12,UFC 372,Fighter 18,Fighter 00,Blue,Lightweight,KO/TKO,2,24.2,32.2,188,172,197,184,-150,130
2022-03-23,UFC 373,Fighter 00,Fighter 09,Red,Welterweight,KO/TKO,2,32.2,33.2,172,167,184,170,-150,130
2022-04-03,UFC 374,Fighter 10,Fighter 13,Red,Middleweight,KO/TKO,2,31.3,34.3,190,184,195,176,-150,130
2022-04-14,UFC 375,Fighter 11,Fighter 06,Red,Welterweight,KO/TKO,2,35.3,29.3,193,177,186,181,-150,130
2022-04-25,UFC 376,Fighter 06,Fighter 27,Red,Middleweight,KO/TKO,2,29.3,28.3,177,180,181,190,-150,130
2022-05-06,UFC 377,Fighter 23,Fighter 21,Red,Welterweight,KO/TKO,2,24.3,34.3,193,183,172,176,-150,130
2022-05-17,UFC 378,Fighter 05,Fighter 18,Blue,Welterweight,KO/TKO,2,32.4,24.4,191,188,189,197,-150,130
2022-05-28,UFC 379,Fighter 09,Fighter 19,Red,Middleweight,KO/TKO,2,33.4,26.4,167,169,170,192,-150,130
2022-06-08,UFC 380,Fighter 08,Fighter 06,Blue,Lightweight,KO/TKO,2,26.4,29.4,166,177,182,181,-150,130
2022-06-19,UFC 381,Fighter 24,Fighter 08,Blue,Lightweight,KO/TKO,2,25.5,26.5,193,166,185,182,-150,130
2022-06-30,UFC 382,Fighter 05,Fighter 13,Red,Middleweight,KO/TKO,2,32.5,34.5,191,184,189,176,-150,130
2022-07-11,UFC 383,Fighter 24,Fighter 01,Red,Welterweight,KO/TKO,2,25.5,35.5,193,172,185,196,-150,130
2022-07-22,UFC 384,Fighter 00,Fighter 23,Red,Middleweight,KO/TKO,2,32.6,24.6,172,193,184,172,-150,130
2022-08-02,UFC 385,Fighter 12,Fighter 08,Blue,Middleweight,KO/TKO,2,24.6,26.6,176,166,196,182,-150,130
2022-08-13,UFC 386,Fighter 14,Fighter 10,Blue,Middleweight,KO/TKO,2,31.6,31.6,187,190,186,195,-150,130
2022-08-24,UFC 387,Fighter 13,Fighter 07,Blue,Lightweight,KO/TKO,2,34.6,28.6,184,194,176,186,-150,130
2022-09-04,UFC 388,Fighter 03,Fighter 29,Blue,Lightweight,KO/TKO,2,29.7,26.7,173,171,191,194,-150,130
2022-09-15,UFC 389,Fighter 19,Fighter 18,Red,Welterweight,KO/TKO,2,26.7,24.7,169,188,192,197,-150,130
2022-09-26,UFC 390,Fighter 19,Fighter 15,Blue,Middleweight,KO/TKO,2,26.7,37.7,169,174,192,194,-150,130
2022-10-07,UFC 391,Fighter 01,Fighter 09,Blue,Lightweight,KO/TKO,2,35.8,33.8,172,167,196,170,-150,130
2022-10-18,UFC 392,Fighter 22,Fighter 21,Blue,Lightweight,KO/TKO,2,33.8,34.8,176,183,180,176,-150,130
2022-10-29,UFC 393,Fighter 03,Fighter 06,Blue,Lightweight,KO/TKO,2,29.8,29.8,173,177,191,181,-150,130
2022-11-09,UFC 394,Fighter 09,Fighter 26,Red,Lightweight,KO/TKO,2,33.9,35.9,167,172,170,182,-150,130
2022-11-20,UFC 395,Fighter 23,Fighter 26,Red,Lightweight,KO/TKO,2,24.9,35.9,193,172,172,182,-150,130
2022-12-01,UFC 396,Fighter 27,Fighter 03,Red,Welterweight,KO/TKO,2,28.9,29.9,180,173,190,191,-150,130
2022-12-12,UFC 397,Fighter 05,Fighter 12,Blue,Welterweight,KO/TKO,2,32.9,24.9,191,176,189,196,-150,130
2022-12-23,UFC 398,Fighter 15,Fighter 07,Red,Welterweight,KO/TKO,2,38.0,29.0,174,194,194,186,-150,130
2023-01-03,UFC 399,Fighter 13,Fighter 02,Red,Lightweight,KO/TKO,2,35.0,31.0,184,184,176,174,-150,130
2023-01-14,UFC 400,Fighter 06,Fighter 29,Red,Welterweight,KO/TKO,2,30.0,27.0,177,171,181,194,-150,130
2023-01-25,UFC 401,Fighter 12,Fighter 15,Red,Middleweight,KO/TKO,2,25.1,38.1,176,174,196,194,-150,130
2023-02-05,UFC 402,Fighter 23,Fighter 18,Red,Lightweight,KO/TKO,2,25.1,25.1,193,188,172,197,-150,130
2023-02-16,UFC 403,Fighter 10,Fighter 15,Blue,Lightweight,KO/TKO,2,32.1,38.1,190,174,195,194,-150,130
2023-02-27,UFC 404,Fighter 29,Fighter 21,Red,Middleweight,KO/TKO,2,27.2,35.2,171,183,194,176,-150,130
2023-03-10,UFC 405,Fighter 02,Fighter 04,Red,Middleweight,KO/TKO,2,31.2,30.2,184,186,174,185,-150,130
2023-03-21,UFC 406,Fighter 22,Fighter 20,Blue,Welterweight,KO/TKO,2,34.2,26.2,176,194,180,170,-150,130
2023-04-01,UFC 407,Fighter 22,Fighter 20,Blue,Welterweight,KO/TKO,2,34.2,26.2,176,194,180,170,-150,130
2023-04-12,UFC 408,Fighter 25,Fighter 26,Blue,Middleweight,KO/TKO,2,26.3,36.3,191,172,198,182,-150,130
2023-04-23,UFC 409,Fighter 21,Fighter 22,Red,Welterweight,KO/TKO,2,35.3,34.3,183,176,176,180,-150,130
2023-05-04,UFC 410,Fighter 01,Fighter 11,Red,Welterweight,KO/TKO,2,36.3,36.3,172,193,196,186,-150,130
2023-05-15,UFC 411,Fighter 18,Fighter 03,Blue,Middleweight,KO/TKO,2,25.4,30.4,188,173,197,191,-150,130
2023-05-26,UFC 412,Fighter 08,Fighter 28,Blue,Lightweight,KO/TKO,2,27.4,28.4,166,183,182,181,-150,130
2023-06-06,UFC 413,Fighter 00,Fighter 11,Blue,Middleweight,KO/TKO,2,33.4,36.4,172,193,184,186,-150,130
2023-06-17,UFC 414,Fighter 07,Fighter 01,Red,Lightweight,KO/TKO,2,29.5,36.5,194,172,186,196,-150,130
2023-06-28,UFC 415,Fighter 02,Fighter 19,Blue,Lightweight,KO/TKO,2,31.5,27.5,184,169,174,192,-150,130
2023-07-09,UFC 416,Fighter 28,Fighter 04,Blue,Middleweight,KO/TKO,2,28.5,30.5,183,186,181,185,-150,130
2023-07-20,UFC 417,Fighter 10,Fighter 19,Red,Welterweight,KO/TKO,2,32.6,27.6,190,169,195,192,-150,130
2023-07-31,UFC 418,Fighter 11,Fighter 12,Red,Lightweight,KO/TKO,2,36.6,25.6,193,176,186,196,-150,130
2023-08-11,UFC 419,Fighter 27,Fighter 25,Red,Welterweight,KO/TKO,2,29.6,26.6,180,191,190,198,-150,130
2023-08-22,UFC 420,Fighter 11,Fighter 29,Red,Lightweight,KO/TKO,2,36.6,27.6,193,171,186,194,-150,130
2023-09-02,UFC 421,Fighter 14,Fighter 06,Blue,Lightweight,KO/TKO,2,32.7,30.7,187,177,186,181,-150,130
2023-09-13,UFC 422,Fighter 22,Fighter 25,Blue,Welterweight,KO/TKO,2,34.7,26.7,176,191,180,198,-150,130
2023-09-24,UFC 423,Fighter 05,Fighter 03,Red,Middleweight,KO/TKO,2,33.7,30.7,191,173,189,191,-150,130
2023-10-05,UFC 424,Fighter 01,Fighter 13,Red,Lightweight,KO/TKO,2,36.8,35.8,172,184,196,176,-150,130
2023-10-16,UFC 425,Fighter 01,Fighter 20,Red,Welterweight,KO/TKO,2,36.8,26.8,172,194,196,170,-150,130
2023-10-27,UFC 426,Fighter 27,Fighter 23,Blue,Welterweight,KO/TKO,2,29.8,25.8,180,193,190,172,-150,130
2023-11-07,UFC 427,Fighter 22,Fighter 27,Blue,Lightweight,KO/TKO,2,34.9,29.9,176,180,180,190,-150,130
2023-11-18,UFC 428,Fighter 18,Fighter 00,Blue,Lightweight,KO/TKO,2,25.9,33.9,188,172,197,184,-150,130
2023-11-29,UFC 429,Fighter 20,Fighter 08,Red,Middleweight,KO/TKO,2,26.9,27.9,194,166,170,182,-150,130
2023-12-10,UFC 430,Fighter 08,Fighter 19,Red,Lightweight,KO/TKO,2,27.9,27.9,166,169,182,192,-150,130
2023-12-21,UFC 431,Fighter 19,Fighter 07,Blue,Middleweight,KO/TKO,2,28.0,30.0,169,194,192,186,-150,130
2024-01-01,UFC 432,Fighter 28,Fighter 06,Red,Welterweight,KO/TKO,2,29.0,31.0,183,177,181,181,-150,130
2024-01-12,UFC 433,Fighter 18,Fighter 03,Blue,Middleweight,KO/TKO,2,26.0,31.0,188,173,197,191,-150,130
2024-01-23,UFC 434,Fighter 04,Fighter 23,Blue,Lightweight,KO/TKO,2,31.1,26.1,186,193,185,172,-150,130
2024-02-03,UFC 435,Fighter 22,Fighter 18,Blue,Middleweight,KO/TKO,2,35.1,26.1,176,188,180,197,-150,130
2024-02-14,UFC 436,Fighter 14,Fighter 13,Red,Welterweight,KO/TKO,2,33.1,36.1,187,184,186,176,-150,130
2024-02-25,UFC 437,Fighter 22,Fighter 17,Blue,Middleweight,KO/TKO,2,35.2,30.2,176,180,180,178,-150,130
2024-03-07,UFC 438,Fighter 13,Fighter 07,Blue,Middleweight,KO/TKO,2,36.2,30.2,184,194,176,186,-150,130
2024-03-18,UFC 439,Fighter 00,Fighter 03,Red,Welterweight,KO/TKO,2,34.2,31.2,172,173,184,191,-150,130
2024-03-29,UFC 440,Fighter 19,Fighter 13,Blue,Welterweight,KO/TKO,2,28.2,36.2,169,184,192,176,-150,130
2024-04-09,UFC 441,Fighter 21,Fighter 15,Blue,Middleweight,KO/TKO,2,36.3,39.3,183,174,176,194,-150,130
2024-04-20,UFC 442,Fighter 14,Fighter 25,Blue,Lightweight,KO/TKO,2,33.3,27.3,187,191,186,198,-150,130
2024-05-01,UFC 443,Fighter 24,Fighter 09,Blue,Welterweight,KO/TKO,2,27.3,35.3,193,167,185,170,-150,130
2024-05-12,UFC 444,Fighter 27,Fighter 02,Blue,Middleweight,KO/TKO,2,30.4,32.4,180,184,190,174,-150,130
2024-05-23,UFC 445,Fighter 16,Fighter 25,Blue,Welterweight,KO/TKO,2,38.4,27.4,186,191,182,198,-150,130
2024-06-03,UFC 446,Fighter 02,Fighter 24,Red,Welterweight,KO/TKO,2,32.4,27.4,184,193,174,185,-150,130
2024-06-14,UFC 447,Fighter 14,Fighter 25,Red,Lightweight,KO/TKO,2,33.5,27.5,187,191,186,198,-150,130
2024-06-25,UFC 448,Fighter 08,Fighter 27,Blue,Middleweight,KO/TKO,2,28.5,30.5,166,180,182,190,-150,130
2024-07-06,UFC 449,Fighter 25,Fighter 20,Red,Welterweight,KO/TKO,2,27.5,27.5,191,194,198,170,-150,130
2024-07-17,UFC 450,Fighter 09,Fighter 20,Blue,Middleweight,KO/TKO,2,35.5,27.5,167,194,170,170,-150,130
2024-07-28,UFC 451,Fighter 01,Fighter 28,Red,Welterweight,KO/TKO,2,37.6,29.6,172,183,196,181,-150,130
2024-08-08,UFC 452,Fighter 02,Fighter 22,Red,Welterweight,KO/TKO,2,32.6,35.6,184,176,174,180,-150,130
2024-08-19,UFC 453,Fighter 17,Fighter 06,Red,Welterweight,KO/TKO,2,30.6,31.6,180,177,178,181,-150,130
2024-08-30,UFC 454,Fighter 00,Fighter 17,Red,Middleweight,KO/TKO,2,34.7,30.7,172,180,184,178,-150,130
2024-09-10,UFC 455,Fighter 16,Fighter 05,Blue,Welterweight,KO/TKO,2,38.7,34.7,186,191,182,189,-150,130
2024-09-21,UFC 456,Fighter 09,Fighter 16,Blue,Lightweight,KO/TKO,2,35.7,38.7,167,186,170,182,-150,130
2024-10-02,UFC 457,Fighter 08,Fighter 05,Blue,Middleweight,KO/TKO,2,28.8,34.8,166,191,182,189,-150,130
2024-10-13,UFC 458,Fighter 02,Fighter 26,Red,Middleweight,KO/TKO,2,32.8,37.8,184,172,174,182,-150,130
2024-10-24,UFC 459,Fighter 09,Fighter 18,Blue,Middleweight,KO/TKO,2,35.8,26.8,167,188,170,197,-150,130
2024-11-04,UFC 460,Fighter 22,Fighter 20,Red,Welterweight,KO/TKO,2,35.8,27.8,176,194,180,170,-150,130
2024-11-15,UFC 461,Fighter 05,Fighter 08,Blue,Middleweight,KO/TKO,2,34.9,28.9,191,166,189,182,-150,130
2024-11-26,UFC 462,Fighter 17,Fighter 22,Blue,Lightweight,KO/TKO,2,30.9,35.9,180,176,178,180,-150,130
2024-12-07,UFC 463,Fighter 00,Fighter 10,Blue,Middleweight,KO/TKO,2,34.9,33.9,172,190,184,195,-150,130
2024-12-18,UFC 464,Fighter 16,Fighter 12,Blue,Welterweight,KO/TKO,2,39.0,27.0,186,176,182,196,-150,130
2024-12-29,UFC 465,Fighter 22,Fighter 21,Blue,Welterweight,KO/TKO,2,36.0,37.0,176,183,180,176,-150,130
2025-01-09,UFC 466,Fighter 27,Fighter 16,Red,Lightweight,KO/TKO,2,31.0,39.0,180,186,190,182,-150,130
2025-01-20,UFC 467,Fighter 04,Fighter 12,Red,Lightweight,KO/TKO,2,32.1,27.1,186,176,185,196,-150,130
2025-01-31,UFC 468,Fighter 29,Fighter 11,Red,Lightweight,KO/TKO,2,29.1,38.1,171,193,194,186,-150,130
2025-02-11,UFC 469,Fighter 16,Fighter 05,Blue,Lightweight,KO/TKO,2,39.1,35.1,186,191,182,189,-150,130
2025-02-22,UFC 470,Fighter 02,Fighter 16,Red,Middleweight,KO/TKO,2,33.1,39.1,184,186,174,182,-150,130
2025-03-05,UFC 471,Fighter 22,Fighter 18,Red,Welterweight,KO/TKO,2,36.2,27.2,176,188,180,197,-150,130
2025-03-16,UFC 472,Fighter 28,Fighter 13,Red,Lightweight,KO/TKO,2,30.2,37.2,183,184,181,176,-150,130
2025-03-27,UFC 473,Fighter 14,Fighter 27,Red,Welterweight,KO/TKO,2,34.2,31.2,187,180,186,190,-150,130
2025-04-07,UFC 474,Fighter 02,Fighter 25,Blue,Lightweight,KO/TKO,2,33.3,28.3,184,191,174,198,-150,130
2025-04-18,UFC 475,Fighter 15,Fighter 23,Red,Lightweight,KO/TKO,2,40.3,27.3,174,193,194,172,-150,130
2025-04-29,UFC 476,Fighter 22,Fighter 27,Red,Lightweight,KO/TKO,2,36.3,31.3,176,180,180,190,-150,130
2025-05-10,UFC 477,Fighter 25,Fighter 23,Red,Middleweight,KO/TKO,2,28.4,27.4,191,193,198,172,-150,130
2025-05-21,UFC 478,Fighter 09,Fighter 23,Red,Lightweight,KO/TKO,2,36.4,27.4,167,193,170,172,-150,130
2025-06-01,UFC 479,Fighter 27,Fighter 24,Red,Lightweight,KO/TKO,2,31.4,28.4,180,193,190,185,-150,130
2025-06-12,UFC 480,Fighter 22,Fighter 25,Red,Welterweight,KO/TKO,2,36.4,28.4,176,191,180,198,-150,130
2025-06-23,UFC 481,Fighter 16,Fighter 04,Blue,Welterweight,KO/TKO,2,39.5,32.5,186,186,182,185,-150,130
2025-07-04,UFC 482,Fighter 24,Fighter 05,Red,Middleweight,KO/TKO,2,28.5,35.5,193,191,185,189,-150,130
2025-07-15,UFC 483,Fighter 00,Fighter 14,Red,Welterweight,KO/TKO,2,35.5,34.5,172,187,184,186,-150,130
2025-07-26,UFC 484,Fighter 19,Fighter 13,Red,Middleweight,KO/TKO,2,29.6,37.6,169,184,192,176,-150,130
2025-08-06,UFC 485,Fighter 00,Fighter 03,Blue,Middleweight,KO/TKO,2,35.6,32.6,172,173,184,191,-150,130
2025-08-17,UFC 486,Fighter 06,Fighter 07,Blue,Welterweight,KO/TKO,2,32.6,31.6,177,194,181,186,-150,130
2025-08-28,UFC 487,Fighter 24,Fighter 02,Blue,Welterweight,KO/TKO,2,28.7,33.7,193,184,185,174,-150,130
2025-09-08,UFC 488,Fighter 19,Fighter 29,Blue,Lightweight,KO/TKO,2,29.7,29.7,169,171,192,194,-150,130
2025-09-19,UFC 489,Fighter 21,Fighter 03,Red,Middleweight,KO/TKO,2,37.7,32.7,183,173,176,191,-150,130
2025-09-30,UFC 490,Fighter 03,Fighter 24,Blue,Middleweight,KO/TKO,2,32.7,28.7,173,193,191,185,-150,130
2025-10-11,UFC 491,Fighter 05,Fighter 17,Blue,Lightweight,KO/TKO,2,35.8,31.8,191,180,189,178,-150,130
2025-10-22,UFC 492,Fighter 13,Fighter 15,Blue,Welterweight,KO/TKO,2,37.8,40.8,184,174,176,194,-150,130
2025-11-02,UFC 493,Fighter 04,Fighter 01,Blue,Welterweight,KO/TKO,2,32.8,38.8,186,172,185,196,-150,130
2025-11-13,UFC 494,Fighter 14,Fighter 12,Red,Welterweight,KO/TKO,2,34.9,27.9,187,176,186,196,-150,130
2025-11-24,UFC 495,Fighter 09,Fighter 10,Blue,Welterweight,KO/TKO,2,36.9,34.9,167,190,170,195,-150,130
2025-12-05,UFC 496,Fighter 29,Fighter 27,Red,Middleweight,KO/TKO,2,29.9,31.9,171,180,194,190,-150,130
2025-12-16,UFC 497,Fighter 03,Fighter 12,Red,Lightweight,KO/TKO,2,33.0,28.0,173,176,191,196,-150,130
2025-12-27,UFC 498,Fighter 05,Fighter 20,Red,Middleweight,KO/TKO,2,36.0,29.0,191,194,189,170,-150,130
2026-01-07,UFC 499,Fighter 04,Fighter 22,Red,Middleweight,KO/TKO,2,33.0,37.0,186,176,185,180,-150,130
